Semana,Volumen_Dia(L)
21,1230668.8527061397
22,1125334.8936660464
23,1184469.2764174277
24,1148365.6490393456
