Semana,Volumen_Dia(L)
21,1023039.769881563
22,1043510.8706043491
23,1054389.04645459
